{"H_in_HH": {"mean": 4.41810870758434, "interval95": 0.041815329001323676}, "M_in_MM": {"mean": 4.248140915426076, "interval95": 0.22154483932188107}, "L_in_LL": {"mean": 3.7317797892823474, "interval95": 0.26174623026048405}, "H_in_HL": {"mean": 4.1866074235367465, "interval95": 0.08973666146629533}, "L_in_HL": {"mean": 4.073171839551809, "interval95": 0.09220876741931039}, "M_in_HM": {"mean": 4.350666447469213, "interval95": 0.05505978112240051}, "M_in_ML": {"mean": 4.1354755583952745, "interval95": 0.1437869468730817}, "L_in_ML": {"mean": 4.051225058600296, "interval95": 0.17991466488384145}, "H_in_HM": {"mean": 4.379806072952438, "interval95": 0.05925932951048818}}